Company Name,num. of employees,sector,city,state,profitable
Walmart,2200000,Retailing,Bentonville,AR,yes
Amazon,798000,Retailing,Seattle,WA,yes
Exxon Mobil,74900,Energy,Irving,TX,yes
Apple,137000,Technology,Cupertino,CA,yes
CVS Health,290000,Health Care,Woonsocket,RI,yes
Berkshire Hathaway,391500,Financials,Omaha,NE,yes
UnitedHealth Group,325000,Health Care,Minnetonka,MN,yes
McKesson,70000,Health Care,Irving,TX,yes
AT&T,247800,Telecommunications,Dallas,TX,yes
AmerisourceBergen,21500,Health Care,Chesterbrook,PA,yes
Alphabet,118899,Technology,Mountain View,CA,yes
Ford Motor,190000,Motor Vehicles & Parts,Dearborn,MI,yes
Cigna,73700,Health Care,Bloomfield,CT,yes
Costco Wholesale,201500,Retailing,Issaquah,WA,yes
Chevron,48200,Energy,San Ramon,CA,yes
Cardinal Health,49500,Health Care,Dublin,OH,yes
JPMorgan Chase,256981,Financials,New York,NY,yes
General Motors,164000,Motor Vehicles & Parts,Detroit,MI,yes
Walgreens Boots Alliance,287000,Food & Drug Stores,Deerfield,IL,yes
Verizon Communications,135000,Telecommunications,New York,NY,yes
Microsoft,144000,Technology,Redmond,WA,yes
Marathon Petroleum,60910,Energy,Findlay,OH,yes
Kroger,435000,Food & Drug Stores,Cincinnati,OH,yes
Fannie Mae,7500,Financials,Washington,DC,yes
Bank of America,208131,Financials,Charlotte,NC,yes
Home Depot,415700,Retailing,Atlanta,GA,yes
Phillips 66,14500,Energy,Houston,TX,yes
Comcast,190000,Telecommunications,Philadelphia,PA,yes
Anthem,70600,Health Care,Indianapolis,IN,yes
Wells Fargo,259800,Financials,San Francisco,CA,yes
Citigroup,200000,Financials,New York,NY,yes
Valero Energy,10222,Energy,San Antonio,TX,yes
General Electric,205000,Industrials,Boston,MA,no
Dell Technologies,165000,Technology,Round Rock,TX,yes
Johnson & Johnson,132200,Health Care,New Brunswick,NJ,yes
State Farm Insurance,57672,Financials,Bloomington,IL,yes
Target,368000,Retailing,Minneapolis,MN,yes
IBM,383800,Technology,Armonk,NY,yes
Raytheon Technologies,243200,Aerospace & Defense,Waltham,MA,yes
Boeing,161100,Aerospace & Defense,Chicago,IL,no
Freddie Mac,6892,Financials,McLean,VA,yes
Centene,56600,Health Care,St. Louis,MO,yes
UPS,377640,Transportation,Atlanta,GA,yes
Lowe&#8217;s,260000,Retailing,Mooresville,NC,yes
Intel,110800,Technology,Santa Clara,CA,yes
Facebook,44942,Technology,Menlo Park,CA,yes
FedEx,389500,Transportation,Memphis,TN,yes
MetLife,49000,Financials,New York,NY,yes
Walt Disney,223000,Media,Burbank,CA,yes
Procter & Gamble,97000,Household Products,Cincinnati,OH,yes
PepsiCo,267000,"Food, Beverages & Tobacco",Purchase,NY,yes
Humana,46000,Health Care,Louisville,KY,yes
Prudential Financial (U.S.),51511,Financials,Newark,NJ,yes
Archer Daniels Midland,38100,"Food, Beverages & Tobacco",Chicago,IL,yes
Albertsons,267000,Food & Drug Stores,Boise,ID,yes
Sysco,69000,Wholesalers,Houston,TX,yes
Lockheed Martin,110000,Aerospace & Defense,Bethesda,MD,yes
HP,56000,Technology,Palo Alto,CA,yes
Energy Transfer,12812,Energy,Dallas,TX,yes
Goldman Sachs Group,38300,Financials,New York,NY,yes
Morgan Stanley,60431,Financials,New York,NY,yes
Caterpillar,102300,Industrials,Deerfield,IL,yes
Cisco Systems,75900,Technology,San Jose,CA,yes
Pfizer,88300,Health Care,New York,NY,yes
HCA Healthcare,245000,Health Care,Nashville,TN,yes
American International Group,46000,Financials,New York,NY,yes
American Express,64500,Financials,New York,NY,yes
Delta Air Lines,91224,Transportation,Atlanta,GA,yes
Merck,71000,Health Care,Kenilworth,NJ,yes
American Airlines Group,133700,Transportation,Fort Worth,TX,yes
Charter Communications,95100,Telecommunications,Stamford,CT,yes
Allstate,46035,Financials,Northbrook,IL,yes
New York Life Insurance,11519,Financials,New York,NY,yes
Nationwide,28114,Financials,Columbus,OH,yes
Best Buy,125000,Retailing,Richfield,MN,yes
United Airlines Holdings,96000,Transportation,Chicago,IL,yes
Liberty Mutual Insurance Group,45000,Financials,Boston,MA,yes
Dow,36500,Chemicals,Midland,MI,no
Tyson Foods,141000,"Food, Beverages & Tobacco",Springdale,AR,yes
TJX,286000,Retailing,Framingham,MA,yes
TIAA,16533,Financials,New York,NY,yes
Oracle,136000,Technology,Redwood City,CA,yes
General Dynamics,102900,Aerospace & Defense,Reston,VA,yes
Deere,73489,Industrials,Moline,IL,yes
Nike,76700,Apparel,Beaverton,OR,yes
Progressive,41571,Financials,Mayfield Village,OH,yes
Publix Super Markets,207000,Food & Drug Stores,Lakeland,FL,yes
Coca-Cola,86200,"Food, Beverages & Tobacco",Atlanta,GA,yes
Massachusetts Mutual Life,9896,Financials,Springfield,MA,yes
Tech Data,15000,Wholesalers,Clearwater,FL,yes
World Fuel Services,5500,Energy,Miami,FL,yes
Honeywell International,113000,Industrials,Charlotte,NC,yes
ConocoPhillips,10400,Energy,Houston,TX,yes
USAA,35076,Financials,San Antonio,TX,yes
Exelon,32713,Energy,Chicago,IL,yes
Northrop Grumman,90000,Aerospace & Defense,Falls Church,VA,yes
Capital One Financial,51900,Financials,McLean,VA,yes
Plains GP Holdings,5000,Energy,Houston,TX,yes
AbbVie,30000,Health Care,North Chicago,IL,yes
StoneX Group,2012,Financials,New York,NY,yes
Enterprise Products Partners,7300,Energy,Houston,TX,yes
Northwestern Mutual,5964,Financials,Milwaukee,WI,yes
3M,96163,Chemicals,St. Paul,MN,yes
Abbott Laboratories,107000,Health Care,Abbott Park,IL,yes
CHS,10703,"Food, Beverages & Tobacco",Inver Grove Heights,MN,yes
Travelers Cos.,30800,Financials,New York,NY,yes
Philip Morris International,73500,"Food, Beverages & Tobacco",New York,NY,yes
Raytheon,70000,Aerospace & Defense,Waltham,MA,yes
Hewlett Packard Enterprise,61600,Technology,San Jose,CA,yes
Arrow Electronics,19300,Wholesalers,Centennial,CO,no
ViacomCBS,26280,Media,New York,NY,yes
Dollar General,143000,Retailing,Goodlettsville,TN,yes
U.S. Bancorp,69651,Financials,Minneapolis,MN,yes
Starbucks,346000,"Hotels, Restaurants & Leisure",Seattle,WA,yes
Bristol-Myers Squibb,30000,Health Care,New York,NY,yes
US Foods Holding,28000,Wholesalers,Rosemont,IL,yes
Mondelez International,80000,"Food, Beverages & Tobacco",Deerfield,IL,yes
Paccar,27000,Industrials,Bellevue,WA,yes
Thermo Fisher Scientific,75000,Technology,Waltham,MA,yes
Macy&#8217;s,123000,Retailing,New York,NY,yes
Jabil,200000,Technology,St. Petersburg,FL,yes
Kraft Heinz,37000,"Food, Beverages & Tobacco",Chicago,IL,yes
Duke Energy,28793,Energy,Charlotte,NC,yes
Tesla,48016,Motor Vehicles & Parts,Palo Alto,CA,no
PBF Energy,3442,Energy,Parsippany,NJ,yes
Qualcomm,37000,Technology,San Diego,CA,yes
NGL Energy Partners,1300,Energy,Tulsa,OK,yes
CBRE Group,100000,Financials,Los Angeles,CA,yes
Baker Hughes,68000,Energy,Houston,TX,yes
Synnex,240900,Wholesalers,Fremont,CA,yes
Dollar Tree,125000,Retailing,Chesapeake,VA,yes
Cummins,61615,Industrials,Columbus,IN,yes
United Natural Foods,19000,Wholesalers,Providence,RI,no
Micron Technology,37000,Technology,Boise,ID,yes
Amgen,23400,Health Care,Thousand Oaks,CA,yes
Penske Automotive Group,26980,Retailing,Bloomfield Hills,MI,yes
Visa,19500,Business Services,San Francisco,CA,yes
Broadcom,19000,Technology,San Jose,CA,yes
Nucor,26800,Materials,Charlotte,NC,yes
Gilead Sciences,11800,Health Care,Foster City,CA,yes
Southwest Airlines,60767,Transportation,Dallas,TX,yes
Halliburton,55000,Energy,Houston,TX,no
Lumen Technologies,42500,Telecommunications,Monroe,LA,no
International Paper,51000,Materials,Memphis,TN,yes
Eli Lilly,33625,Health Care,Indianapolis,IN,yes
Aflac,11729,Financials,Columbus,GA,yes
Lennar,10106,Engineering & Construction,Miami,FL,yes
Occidental Petroleum,14400,Energy,Houston,TX,no
Union Pacific,37483,Transportation,Omaha,NE,yes
Rite Aid,42645,Food & Drug Stores,Camp Hill,PA,no
PNC Financial Services Group,50968,Financials,Pittsburgh,PA,yes
DuPont,35000,Chemicals,Wilmington,DE,yes
Southern Company,27943,Energy,Atlanta,GA,yes
AutoNation,25000,Retailing,Fort Lauderdale,FL,yes
DXC Technology,130000,Technology,Tysons,VA,yes
McDonald&#8217;s,205000,"Hotels, Restaurants & Leisure",Chicago,IL,yes
Marriott International,174000,"Hotels, Restaurants & Leisure",Bethesda,MD,yes
ManpowerGroup,28000,Business Services,Milwaukee,WI,yes
Bank of New York Mellon,48400,Financials,New York,NY,yes
Hartford Financial Services Group,19500,Financials,Hartford,CT,yes
Danaher,60000,Health Care,Washington,DC,yes
Whirlpool,77000,Industrials,Benton Harbor,MI,yes
AECOM,86000,Engineering & Construction,Los Angeles,CA,no
Netflix,8600,Media,Los Gatos,CA,yes
Kohl&#8217;s,79500,Retailing,Menomonee Falls,WI,yes
Lear,164100,Motor Vehicles & Parts,Southfield,MI,yes
Altria Group,7300,"Food, Beverages & Tobacco",Richmond,VA,no
Performance Food Group,18000,Wholesalers,Richmond,VA,yes
Avnet,15500,Wholesalers,Phoenix,AZ,yes
Synchrony Financial,16500,Financials,Stamford,CT,yes
Genuine Parts,55000,Wholesalers,Atlanta,GA,yes
NextEra Energy,14800,Energy,Juno Beach,FL,yes
CarMax,25946,Retailing,Richmond,VA,yes
Tenet Healthcare,101104,Health Care,Dallas,TX,no
Kimberly-Clark,40000,Household Products,Irving,TX,yes
Emerson Electric,88000,Industrials,St. Louis,MO,yes
WestRock,51100,Materials,Atlanta,GA,yes
CDW,9900,Technology,Lincolnshire,IL,yes
Jones Lang LaSalle (JLL),93400,Financials,Chicago,IL,yes
Sherwin-Williams,61111,Chemicals,Cleveland,OH,yes
Fluor,53349,Engineering & Construction,Irving,TX,no
PayPal Holdings,23200,Business Services,San Jose,CA,yes
D.R. Horton,8916,Engineering & Construction,Arlington,TX,yes
HollyFrontier,4074,Energy,Dallas,TX,yes
Tenneco,78000,Motor Vehicles & Parts,Lake Forest,IL,no
EOG Resources,2900,Energy,Houston,TX,yes
BD,70093,Health Care,Franklin Lakes,NJ,yes
Lincoln National,11357,Financials,Radnor,PA,yes
PG&E,23000,Energy,San Francisco,CA,no
Salesforce,49000,Technology,San Francisco,CA,yes
Mastercard,18600,Business Services,Purchase,NY,yes
General Mills,40000,"Food, Beverages & Tobacco",Minneapolis,MN,yes
Molina Healthcare,10000,Health Care,Long Beach,CA,yes
Cognizant Technology Solutions,292500,Technology,Teaneck,NJ,yes
Marsh & McLennan,76000,Financials,New York,NY,yes
XPO Logistics,100000,Transportation,Greenwich,CT,yes
Dominion Energy,19100,Energy,Richmond,VA,yes
Western Digital,61800,Technology,San Jose,CA,no
Gap,129000,Retailing,San Francisco,CA,yes
Aramark,233400,Business Services,Philadelphia,PA,yes
Principal Financial,17601,Financials,Des Moines,IA,yes
Ross Stores,92500,Retailing,Dublin,CA,yes
Colgate-Palmolive,34300,Household Products,New York,NY,yes
American Electric Power,17408,Energy,Columbus,OH,yes
Nordstrom,75000,Retailing,Seattle,WA,yes
Jacobs Engineering Group,50000,Engineering & Construction,Dallas,TX,yes
Waste Management,44900,Business Services,Houston,TX,yes
C.H. Robinson Worldwide,15427,Transportation,Eden Prairie,MN,yes
PPG Industries,47600,Chemicals,Pittsburgh,PA,yes
Booking Holdings,26400,Technology,Norwalk,CT,yes
Omnicom Group,70000,Business Services,New York,NY,yes
Loews,18605,Financials,New York,NY,yes
Ecolab,50200,Chemicals,St. Paul,MN,yes
Stryker,40000,Health Care,Kalamazoo,MI,yes
Estée Lauder,48000,Household Products,New York,NY,yes
Goodyear Tire & Rubber,63000,Motor Vehicles & Parts,Akron,OH,no
Truist Financial,59000,Financials,Charlotte,NC,yes
Applied Materials,22000,Technology,Santa Clara,CA,yes
BlackRock,16200,Financials,New York,NY,yes
Stanley Black & Decker,59438,Household Products,New Britain,CT,yes
Freeport-McMoRan,27500,Energy,Phoenix,AZ,no
Texas Instruments,29768,Technology,Dallas,TX,yes
Biogen,7400,Health Care,Cambridge,MA,yes
Parker-Hannifin,55610,Industrials,Cleveland,OH,yes
Reinsurance Group of America,3188,Financials,Chesterfield,MO,yes
Howmet Aerospace,41700,Aerospace & Defense,Pittsburgh,PA,yes
Automatic Data Processing,58000,Business Services,Roseland,NJ,yes
Uber Technologies,26900,Technology,San Francisco,CA,no
Illinois Tool Works,45000,Industrials,Glenview,IL,yes
DaVita,65000,Health Care,Denver,CO,yes
Discover Financial Services,17200,Financials,Riverwoods,IL,yes
Land O&#8217;Lakes,8000,"Food, Beverages & Tobacco",Arden Hills,MN,yes
VF,75000,Apparel,Greenwood Village,CO,yes
Corteva,21000,"Food, Beverages & Tobacco",Wilmington,DE,no
Las Vegas Sands,50000,"Hotels, Restaurants & Leisure",Las Vegas,NV,yes
Textron,35000,Aerospace & Defense,Providence,RI,yes
Kellogg,31000,"Food, Beverages & Tobacco",Battle Creek,MI,yes
Guardian Life Ins. Co. of America,9032,Financials,New York,NY,yes
Qurate Retail,25314,Retailing,Englewood,CO,no
Core-Mark Holding,8555,Wholesalers,Westlake,TX,yes
Community Health Systems,71500,Health Care,Franklin,TN,no
Kinder Morgan,11086,Energy,Houston,TX,yes
BJ's Wholesale Club,27231,Retailing,Westborough,MA,yes
State Street,39103,Financials,Boston,MA,yes
Ameriprise Financial,12500,Financials,Minneapolis,MN,yes
Global Partners,3860,Wholesalers,Waltham,MA,yes
United States Steel,27500,Materials,Pittsburgh,PA,no
L Brands,59950,Retailing,Columbus,OH,no
MGM Resorts International,72000,"Hotels, Restaurants & Leisure",Las Vegas,NV,yes
L3Harris Technologies,50000,Aerospace & Defense,Melbourne,FL,yes
DISH Network,16000,Telecommunications,Englewood,CO,yes
Lithia Motors,14320,Retailing,Medford,OR,yes
DTE Energy,10700,Energy,Detroit,MI,yes
American Family Insurance Group,13531,Financials,Madison,WI,yes
Farmers Insurance Exchange,10980,Financials,Woodland Hills,CA,yes
Consolidated Edison,14890,Energy,New York,NY,yes
LKQ,51000,Wholesalers,Chicago,IL,yes
Sempra Energy,13969,Energy,San Diego,CA,yes
Edison International,12937,Energy,Rosemead,CA,yes
CenterPoint Energy,14262,Energy,Houston,TX,yes
Quanta Services,40300,Engineering & Construction,Houston,TX,yes
Murphy USA,7250,Retailing,El Dorado,AR,yes
Expedia Group,25400,Retailing,Seattle,WA,yes
Group 1 Automotive,15296,Retailing,Houston,TX,yes
Bed Bath & Beyond,62000,Retailing,Union,NJ,no
Unum Group,10300,Financials,Chattanooga,TN,yes
CSX,20908,Transportation,Jacksonville,FL,yes
AutoZone,75840,Retailing,Memphis,TN,yes
Pacific Life,3815,Financials,Newport Beach,CA,yes
Vistra Energy,5475,Energy,Irving,TX,yes
Charles Schwab,19700,Financials,San Francisco,CA,yes
Crown Holdings,33043,Materials,Yardley,PA,yes
Ally Financial,8700,Financials,Detroit,MI,yes
Laboratory Corp. of America (Labcorp),65000,Health Care,Burlington,NC,yes
Live Nation Entertainment,18200,Media,Beverly Hills,CA,yes
Xcel Energy,11295,Energy,Minneapolis,MN,yes
Corning,49500,Industrials,Corning,NY,yes
W.W. Grainger,24550,Wholesalers,Lake Forest,IL,yes
Ball,18300,Materials,Broomfield,CO,yes
Fox,7700,Media,New York,NY,yes
Universal Health Services,79050,Health Care,King of Prussia,PA,yes
Baxter International,50000,Health Care,Deerfield,IL,yes
Norfolk Southern,24587,Transportation,Norfolk,VA,yes
Navistar International,12300,Industrials,Lisle,IL,yes
Adobe,22634,Technology,San Jose,CA,yes
J.C. Penney,90000,Retailing,Plano,TX,no
Discovery,9200,Media,Silver Spring,MD,yes
Keurig Dr Pepper,25500,"Food, Beverages & Tobacco",Burlington,MA,yes
Leidos Holdings,34000,Technology,Reston,VA,yes
IQVIA Holdings,67000,Health Care,Durham,NC,yes
Reliance Steel & Aluminum,15300,Materials,Los Angeles,CA,yes
Nvidia,13775,Technology,Santa Clara,CA,yes
Entergy,13635,Energy,New Orleans,LA,yes
FirstEnergy,12316,Energy,Akron,OH,yes
eBay,13300,Technology,San Jose,CA,yes
Boston Scientific,36000,Health Care,Marlborough,MA,yes
ODP,40000,Retailing,Boca Raton,FL,yes
Molson Coors Beverage,17700,"Food, Beverages & Tobacco",Denver,CO,yes
Steel Dynamics,8385,Materials,Fort Wayne,IN,yes
Mutual of Omaha Insurance,6072,Financials,Omaha,NE,yes
Sonic Automotive,9300,Retailing,Charlotte,NC,yes
Alcoa,13800,Materials,Pittsburgh,PA,no
Fidelity National Information Services,55000,Business Services,Jacksonville,FL,yes
Henry Schein,19000,Health Care,Melville,NY,yes
Republic Services,36000,Business Services,Phoenix,AZ,yes
Liberty Media,6753,Media,Englewood,CO,yes
Peter Kiewit Sons&#8217;,23000,Engineering & Construction,Omaha,NE,yes
Interpublic Group,54300,Business Services,New York,NY,yes
PulteGroup,5245,Engineering & Construction,Atlanta,GA,yes
AES,8000,Energy,Arlington,VA,yes
Fiserv,44000,Business Services,Brookfield,WI,yes
BorgWarner,29000,Motor Vehicles & Parts,Auburn Hills,MI,yes
Oneok,2882,Energy,Tulsa,OK,yes
O&#8217;Reilly Automotive,67663,Retailing,Springfield,MO,yes
Assurant,13900,Financials,New York,NY,yes
Newell Brands,30000,Household Products,Atlanta,GA,yes
Public Service Enterprise Group,12992,Energy,Newark,NJ,yes
News Corp.,28000,Media,New York,NY,yes
Calpine,2256,Energy,Houston,TX,yes
Auto-Owners Insurance,6141,Financials,Lansing,MI,yes
Mohawk Industries,41800,Household Products,Calhoun,GA,yes
PVH,30750,Apparel,New York,NY,yes
Campbell Soup,19000,"Food, Beverages & Tobacco",Camden,NJ,yes
NRG Energy,4577,Energy,Princeton,NJ,yes
Fifth Third Bancorp,19869,Financials,Cincinnati,OH,yes
Hertz Global Holdings,38000,Retailing,Estero,FL,no
Altice USA,10700,Telecommunications,Long Island City,NY,yes
Newmont,16600,Energy,Greenwood Village,CO,yes
Cheniere Energy,1530,Energy,Houston,TX,yes
Advance Auto Parts,53000,Retailing,Raleigh,NC,yes
Lam Research,10700,Technology,Fremont,CA,yes
Owens & Minor,15400,Health Care,Mechanicsville,VA,no
Equitable Holdings,10100,Financials,New York,NY,no
Conagra Brands,18000,"Food, Beverages & Tobacco",Chicago,IL,yes
Markel,18600,Financials,Glen Allen,VA,yes
Jones Financial (Edward Jones),49000,Financials,Des Peres,MO,yes
Hormel Foods,18800,"Food, Beverages & Tobacco",Austin,MN,yes
Hilton Worldwide Holdings,173000,"Hotels, Restaurants & Leisure",McLean,VA,yes
Univar Solutions,10300,Wholesalers,Downers Grove,IL,no
United Rentals,19100,Business Services,Stamford,CT,yes
Pioneer Natural Resources,2323,Energy,Irving,TX,yes
Delek US Holdings,3707,Energy,Brentwood,TN,yes
Eastman Chemical,14500,Chemicals,Kingsport,TN,yes
EMCOR Group,36000,Engineering & Construction,Norwalk,CT,yes
Avis Budget Group,25600,Retailing,Parsippany,NJ,yes
J.B. Hunt Transport Services,29056,Transportation,Lowell,AR,yes
Xerox Holdings,27000,Technology,Norwalk,CT,yes
Wayfair,16985,Retailing,Boston,MA,no
KKR,1384,Financials,New York,NY,yes
AGCO,20961,Industrials,Duluth,GA,yes
Alleghany,10786,Financials,New York,NY,yes
Icahn Enterprises,28033,Financials,New York,NY,no
Voya Financial,6000,Financials,New York,NY,no
Ryder System,39900,Transportation,Miami,FL,no
Air Products & Chemicals,17570,Chemicals,Allentown,PA,yes
Mosaic,12600,Chemicals,Tampa,FL,no
Huntington Ingalls Industries,42000,Aerospace & Defense,Newport News,VA,yes
Berry Global Group,48000,Materials,Evansville,IN,yes
Anixter International,9400,Wholesalers,Glenview,IL,yes
Alaska Air Group,24134,Transportation,Seattle,WA,yes
Yum China Holdings,450000,"Hotels, Restaurants & Leisure",Plano,TX,yes
Dick&#8217;s Sporting Goods,28450,Retailing,Coraopolis,PA,yes
Caesars Holdings,64000,"Hotels, Restaurants & Leisure",Las Vegas,NV,no
Genworth Financial,3100,Financials,Richmond,VA,yes
Targa Resources,2680,Energy,Houston,TX,no
Coty,19000,Household Products,New York,NY,no
Dana,36300,Motor Vehicles & Parts,Maumee,OH,yes
Thrivent Financial for Lutherans,3235,Financials,Minneapolis,MN,yes
Autoliv,61957,Motor Vehicles & Parts,Auburn Hills,MI,yes
SpartanNash,13800,Wholesalers,Byron Center,MI,yes
Eversource Energy,8234,Energy,Springfield,MA,yes
Darden Restaurants,184514,"Hotels, Restaurants & Leisure",Orlando,FL,yes
Chesapeake Energy,2300,Energy,Oklahoma City,OK,no
NOV,34645,Energy,Houston,TX,no
Fidelity National Financial,23484,Financials,Jacksonville,FL,yes
Erie Insurance Group,5778,Financials,Erie,PA,yes
Oshkosh,15400,Industrials,Oshkosh,WI,yes
Casey&#8217;s General Stores,26866,Retailing,Ankeny,IA,yes
WESCO International,9500,Wholesalers,Pittsburgh,PA,yes
Tractor Supply,24000,Retailing,Brentwood,TN,yes
CommScope Holding,30000,Technology,Hickory,NC,no
Huntsman,10000,Chemicals,The Woodlands,TX,yes
American Financial Group,7700,Financials,Cincinnati,OH,yes
Masco,22000,Household Products,Livonia,MI,yes
Sanmina,38500,Technology,San Jose,CA,yes
Amphenol,74000,Technology,Wallingford,CT,yes
Williams,4812,Energy,Tulsa,OK,yes
Westinghouse Air Brake,27500,Industrials,Pittsburgh,PA,yes
Expeditors Intl. of Washington,18000,Transportation,Seattle,WA,yes
Andersons,2284,"Food, Beverages & Tobacco",Maumee,OH,yes
Westlake Chemical,9430,Chemicals,Houston,TX,yes
Constellation Brands,9800,"Food, Beverages & Tobacco",Victor,NY,yes
Frontier Communications,18317,Telecommunications,Norwalk,CT,no
JetBlue Airways,19032,Transportation,Long Island City,NY,yes
Citizens Financial Group,17997,Financials,Providence,RI,yes
Raymond James Financial,14200,Financials,St. Petersburg,FL,yes
Foot Locker,33294,Retailing,New York,NY,yes
Hershey,15330,"Food, Beverages & Tobacco",Hershey,PA,yes
Zimmer Biomet Holdings,19900,Health Care,Warsaw,IN,yes
Cincinnati Financial,5200,Financials,Fairfield,OH,yes
Western & Southern Financial Group,2787,Financials,Cincinnati,OH,yes
W.R. Berkley,7493,Financials,Greenwich,CT,yes
Motorola Solutions,17000,Technology,Chicago,IL,yes
Thor Industries,21750,Motor Vehicles & Parts,Elkhart,IN,yes
Regeneron Pharmaceuticals,8100,Health Care,Tarrytown,NY,yes
Spirit AeroSystems Holdings,18200,Aerospace & Defense,Wichita,KS,yes
J.M. Smucker,7400,"Food, Beverages & Tobacco",Orrville,OH,yes
PPL,12280,Energy,Allentown,PA,yes
Insight Enterprises,11261,Technology,Tempe,AZ,yes
Quest Diagnostics,47000,Health Care,Secaucus,NJ,yes
KeyCorp,17045,Financials,Cleveland,OH,yes
Veritiv,8000,Wholesalers,Atlanta,GA,no
DCP Midstream,2250,Energy,Denver,CO,yes
American Tower,5454,Financials,Boston,MA,yes
Graybar Electric,9000,Wholesalers,St. Louis,MO,yes
WEC Energy Group,7509,Energy,Milwaukee,WI,yes
NVR,5700,Engineering & Construction,Reston,VA,yes
Ulta Beauty,31000,Retailing,Bolingbrook,IL,yes
Devon Energy,1800,Energy,Oklahoma City,OK,no
Blackstone Group,2905,Financials,New York,NY,yes
Dean Foods,14500,"Food, Beverages & Tobacco",Dallas,TX,no
Fortive,25000,Industrials,Everett,WA,yes
UGI,12800,Energy,King of Prussia,PA,yes
Burlington Stores,47000,Retailing,Burlington,NJ,yes
Builders FirstSource,15800,Materials,Dallas,TX,yes
Toll Brothers,5100,Engineering & Construction,Horsham,PA,yes
Old Republic International,9000,Financials,Chicago,IL,yes
Asbury Automotive Group,8500,Retailing,Duluth,GA,yes
Arthur J. Gallagher,33247,Financials,Rolling Meadows,IL,yes
MasTec,21000,Engineering & Construction,Coral Gables,FL,yes
Owens Corning,19000,Materials,Toledo,OH,yes
Magellan Health,10100,Health Care,Phoenix,AZ,yes
Dover,24000,Industrials,Downers Grove,IL,yes
Beacon Roofing Supply,8147,Wholesalers,Herndon,VA,no
Avery Dennison,30000,Materials,Glendale,CA,yes
Hanesbrands,63000,Apparel,Winston-Salem,NC,yes
Packaging Corp. of America,15500,Materials,Lake Forest,IL,yes
M&T Bank,17386,Financials,Buffalo,NY,yes
NCR,36000,Technology,Atlanta,GA,yes
Northern Trust,19800,Financials,Chicago,IL,yes
Cintas,45000,Business Services,Cincinnati,OH,yes
Polaris,14000,Transportation,Medina,MN,yes
CMS Energy,8459,Energy,Jackson,MI,yes
Seaboard,13100,"Food, Beverages & Tobacco",Merriam,KS,yes
Intuit,9400,Technology,Mountain View,CA,yes
Regions Financial,19564,Financials,Birmingham,AL,yes
FM Global,5591,Financials,Johnston,RI,yes
Advanced Micro Devices (AMD),11400,Technology,Santa Clara,CA,yes
Ovintiv,2571,Energy,Denver,CO,yes
Booz Allen Hamilton Holding,26100,Technology,McLean,VA,yes
S&P Global,22500,Business Services,New York,NY,yes
Rockwell Automation,23000,Industrials,Milwaukee,WI,yes
O-I Glass,27500,Materials,Perrysburg,OH,no
Wynn Resorts,30200,"Hotels, Restaurants & Leisure",Las Vegas,NV,yes
Securian Financial Group,6400,Financials,St. Paul,MN,yes
Alliance Data Systems,8500,Business Services,Columbus,OH,yes
Weyerhaeuser,9400,Materials,Seattle,WA,no
Brighthouse Financial,1330,Financials,Charlotte,NC,no
Intercontinental Exchange,5989,Financials,Atlanta,GA,yes
American Axle & Manufacturing,20000,Motor Vehicles & Parts,Detroit,MI,no
Hess,1775,Energy,New York,NY,no
ABM Industries,140000,Business Services,New York,NY,yes
Activision Blizzard,9200,Media,Santa Monica,CA,yes
GameStop,30000,Retailing,Grapevine,TX,no
APA,3163,Energy,Houston,TX,no
Science Applications International,24311,Technology,Reston,VA,yes
AK Steel Holding,9300,Materials,West Chester,OH,yes
Dillard&#8217;s,30400,Retailing,Little Rock,AR,yes
Ralph Lauren,18650,Apparel,New York,NY,yes
Celanese,7714,Chemicals,Irving,TX,yes
R.R. Donnelley & Sons,36400,Media,Chicago,IL,no
Zoetis,10600,Health Care,Parsippany,NJ,yes
Ascena Retail Group,33000,Retailing,Mahwah,NJ,no
Clorox,8800,Household Products,Oakland,CA,yes
Ingredion,11000,"Food, Beverages & Tobacco",Westchester,IL,yes
First American Financial,18412,Financials,Santa Ana,CA,yes
Graphic Packaging Holding,18000,Materials,Atlanta,GA,yes
NetApp,10500,Technology,Sunnyvale,CA,yes
HD Supply Holdings,11500,Wholesalers,Atlanta,GA,yes
TravelCenters of America,18594,Retailing,Westlake,OH,yes
Olin,6500,Chemicals,Clayton,MO,no
Robert Half International,16000,Business Services,Menlo Park,CA,yes
EnLink Midstream,1355,Energy,Dallas,TX,no
Avantor,12000,Technology,Radnor,PA,yes
Tapestry,17400,Apparel,New York,NY,yes
TD Ameritrade Holding,9226,Financials,Omaha,NE,yes
Analog Devices,16400,Technology,Norwood,MA,yes
Ameren,9323,Energy,St. Louis,MO,yes
Williams-Sonoma,19300,Retailing,San Francisco,CA,yes
Realogy Holdings,10150,Financials,Madison,NJ,no
Commercial Metals,11524,Materials,Irving,TX,yes
Rush Enterprises,7244,Retailing,New Braunfels,TX,yes
Franklin Resources,9597,Financials,San Mateo,CA,yes
Fortune Brands Home & Security,24700,Household Products,Deerfield,IL,yes
Levi Strauss,15800,Apparel,San Francisco,CA,yes
Crown Castle International,5100,Financials,Houston,TX,yes
Simon Property Group,3750,Financials,Indianapolis,IN,yes
Cerner,27400,Health Care,North Kansas City,MO,yes
Post Holdings,10100,"Food, Beverages & Tobacco",St. Louis,MO,yes
Huntington Bancshares,15664,Financials,Columbus,OH,yes
KBR,28000,Engineering & Construction,Houston,TX,yes
Sprouts Farmers Market,30000,Food & Drug Stores,Phoenix,AZ,yes
LPL Financial Holdings,4343,Financials,San Diego,CA,yes
T. Rowe Price,7365,Financials,Baltimore,MD,yes
Yum Brands,34000,"Hotels, Restaurants & Leisure",Louisville,KY,yes
Chipotle Mexican Grill,83000,"Hotels, Restaurants & Leisure",Newport Beach,CA,yes
Patterson,7800,Health Care,St. Paul,MN,yes
RPM International,14957,Chemicals,Medina,OH,yes
Equinix,8378,Financials,Redwood City,CA,yes
Navient,5800,Financials,Wilmington,DE,yes
Chemours,7000,Chemicals,Wilmington,DE,no
ON Semiconductor,34800,Technology,Phoenix,AZ,yes
TransDigm Group,18300,Aerospace & Defense,Cleveland,OH,yes
Host Hotels & Resorts,175,Financials,Bethesda,MD,yes
Select Medical Holdings,42800,Health Care,Mechanicsburg,PA,yes
Par Pacific Holdings,1408,Energy,Houston,TX,yes
Sonoco Products,23000,Materials,Hartsville,SC,yes
Roper Technologies,16460,Technology,Sarasota,FL,yes
Harley-Davidson,5600,Transportation,Milwaukee,WI,yes
Jefferies Financial Group,4800,Financials,New York,NY,yes
Kelly Services,7700,Business Services,Troy,MI,yes
Microchip Technology,18286,Technology,Chandler,AZ,yes
McCormick,12400,"Food, Beverages & Tobacco",Hunt Valley,MD,yes
MDU Resources Group,13359,Energy,Bismarck,ND,yes
Fastenal,21948,Wholesalers,Winona,MN,yes
Big Lots,22250,Retailing,Columbus,OH,yes
Penn National Gaming,28300,"Hotels, Restaurants & Leisure",Wyomissing,PA,yes
Western Union,11500,Business Services,Denver,CO,yes
Under Armour,11700,Apparel,Baltimore,MD,yes
Xylem,16300,Industrials,Rye Brook,NY,yes
Skechers U.S.A.,8550,Apparel,Manhattan Beach,CA,yes
Domtar,10000,Materials,Fort Mill,SC,yes
NiSource,8363,Energy,Merrillville,IN,yes
Marathon Oil,2000,Energy,Houston,TX,yes
National General Holdings,9200,Financials,New York,NY,yes
Telephone & Data Systems,9400,Telecommunications,Chicago,IL,yes
Agilent Technologies,16300,Technology,Santa Clara,CA,yes
Ametek,18100,Technology,Berwyn,PA,yes
Evergy,4617,Energy,Kansas City,MO,yes
International Flavors & Fragrances,13668,Chemicals,New York,NY,yes
ADT,17500,Business Services,Boca Raton,FL,no
Welltower,443,Financials,Toledo,OH,yes
Windstream Holdings,11945,Telecommunications,Little Rock,AR,no
Michaels,28000,Retailing,Irving,TX,yes
Kemper,8900,Financials,Chicago,IL,yes
Hyatt Hotels,55000,"Hotels, Restaurants & Leisure",Chicago,IL,yes
Alexion Pharmaceuticals,3082,Health Care,Boston,MA,yes
Resideo Technologies,13000,Materials,Austin,TX,yes
CACI International,22100,Technology,Arlington,VA,yes
Electronic Arts,9700,Media,Redwood City,CA,yes
Vulcan Materials,9173,Materials,Birmingham,AL,yes
TreeHouse Foods,10800,"Food, Beverages & Tobacco",Oak Brook,IL,no
Global Payments,24000,Business Services,Atlanta,GA,yes
Hanover Insurance Group,4300,Financials,Worcester,MA,yes
Camping World Holdings,11508,Retailing,Lincolnshire,IL,no
Cornerstone Building Brands,20100,Materials,Cary,NC,no
Yellow,29000,Transportation,Overland Park,KS,no
CME Group,4360,Financials,Chicago,IL,yes
Chewy,12000,Retailing,Dania Beach,FL,no
Knight-Swift Transportation Holdings,23700,Transportation,Phoenix,AZ,yes
Moody&#8217;s,11081,Business Services,New York,NY,yes
Coca-Cola Consolidated,15850,"Food, Beverages & Tobacco",Charlotte,NC,yes
Carlisle,14000,Materials,Scottsdale,AZ,yes
Sealed Air,16500,Materials,Charlotte,NC,yes
A-Mark Precious Metals,183,Materials,El Segundo,CA,yes
Watsco,5800,Wholesalers,Miami,FL,yes
Taylor Morrison Home,2300,Engineering & Construction,Scottsdale,AZ,yes
IAC/InterActiveCorp,8700,Technology,New York,NY,yes
Leggett & Platt,22000,Household Products,Carthage,MO,yes
OneMain Holdings,9700,Financials,Evansville,IN,yes
Schneider National,15650,Transportation,Green Bay,WI,yes
Martin Marietta Materials,8846,Materials,Raleigh,NC,yes
NortonLifeLock,11900,Technology,Tempe,AZ,yes
Hasbro,5600,Household Products,Pawtucket,RI,yes
Square,3835,Business Services,San Francisco,CA,yes
Terex,9500,Industrials,Westport,CT,yes
Syneos Health,24000,Health Care,Morrisville,NC,yes
FMC,6400,Chemicals,Philadelphia,PA,yes
Boise Cascade,6010,Wholesalers,Boise,ID,yes
SS&C Technologies Holdings,22800,Technology,Windsor,CT,yes
Continental Resources,1260,Energy,Oklahoma City,OK,yes
Peabody Energy,6600,Energy,St. Louis,MO,no
Encompass Health,35690,Health Care,Birmingham,AL,yes
Greif,17000,Materials,Delaware,OH,yes
Concho Resources,1453,Energy,Midland,TX,no
Hubbell,18800,Industrials,Shelton,CT,yes
CF Industries Holdings,2987,Chemicals,Deerfield,IL,yes
KLA,10020,Technology,Milpitas,CA,yes
Genesis Healthcare,55000,Health Care,Kennett Square,PA,yes
Brunswick,12828,Transportation,Mettawa,IL,no
KB Home,2140,Engineering & Construction,Los Angeles,CA,yes
Globe Life,3196,Financials,McKinney,TX,yes
Mattel,24000,Household Products,El Segundo,CA,no
Ryerson Holding,4500,Materials,Chicago,IL,yes
Silgan Holdings,13220,Materials,Stamford,CT,yes
Zebra Technologies,8200,Industrials,Lincolnshire,IL,yes
Intuitive Surgical,7326,Health Care,Sunnyvale,CA,yes
Warner Music Group,5400,Media,New York,NY,yes
Conduent,67000,Business Services,Florham Park,NJ,no
Tutor Perini,9100,Engineering & Construction,Sylmar,CA,no
Juniper Networks,9419,Technology,Sunnyvale,CA,yes
Noble Energy,2282,Energy,Houston,TX,no
Vertiv Holdings,19800,Industrials,Columbus,OH,no
Tiffany,14100,Retailing,New York,NY,yes
EQT,647,Energy,Pittsburgh,PA,no
UFP Industries,12000,Materials,Grand Rapids,MI,yes
Diebold Nixdorf,22000,Technology,North Canton,OH,no
Antero Resources,547,Energy,Denver,CO,no
Meritor,9100,Motor Vehicles & Parts,Troy,MI,yes
Broadridge Financial Solutions,11000,Business Services,Lake Success,NY,yes
Church & Dwight,4800,Household Products,Ewing,NJ,yes
Marriott Vacations Worldwide,22000,"Hotels, Restaurants & Leisure",Orlando,FL,yes
Edwards Lifesciences,13900,Health Care,Irvine,CA,yes
Colfax,15000,Industrials,Annapolis Junction,MD,no
Insperity,3500,Business Services,Kingwood,TX,yes
American Eagle Outfitters,27000,Retailing,Pittsburgh,PA,yes
Keysight Technologies,13600,Technology,Santa Rosa,CA,yes
JELD-WEN Holding,23300,Materials,Charlotte,NC,yes
Iron Mountain,25000,Business Services,Boston,MA,yes
Nasdaq,4361,Financials,New York,NY,yes
Gartner,16724,Technology,Stamford,CT,yes
Sinclair Broadcast Group,11800,Media,Hunt Valley,MD,yes
Ingles Markets,18630,Food & Drug Stores,Black Mountain,NC,yes
Monster Beverage,3092,"Food, Beverages & Tobacco",Corona,CA,yes
Murphy Oil,822,Energy,El Dorado,AR,yes
Vertex Pharmaceuticals,3000,Health Care,Boston,MA,yes
First Republic Bank,4812,Financials,San Francisco,CA,yes
Bloomin&#8217; Brands,94000,"Hotels, Restaurants & Leisure",Tampa,FL,yes
Spectrum Brands Holdings,13000,Household Products,Middleton,WI,yes
Quad/Graphics,19600,Media,Sussex,WI,no
Flowers Foods,9700,"Food, Beverages & Tobacco",Thomasville,GA,yes
CUNA Mutual Group,3600,Financials,Madison,WI,yes
Allegheny Technologies,8100,Materials,Pittsburgh,PA,yes
Old Dominion Freight Line,20105,Transportation,Thomasville,NC,yes
Landstar System,1333,Transportation,Jacksonville,FL,yes
American National Group,4640,Financials,Galveston,TX,yes
Snap-on,12800,Industrials,Kenosha,WI,yes
Brookdale Senior Living,48400,Health Care,Brentwood,TN,no
Amkor Technology,29650,Technology,Tempe,AZ,yes
Wyndham Destinations,22500,"Hotels, Restaurants & Leisure",Orlando,FL,yes
PPD,23000,Health Care,Wilmington,NC,yes
Dentsply Sirona,15200,Health Care,Charlotte,NC,yes
CNO Financial Group,3300,Financials,Carmel,IN,yes
Urban Outfitters,16800,Retailing,Philadelphia,PA,yes
Sabre,9250,Technology,Southlake,TX,yes
Mercury General,4500,Financials,Los Angeles,CA,yes
Diamondback Energy,712,Energy,Midland,TX,yes
Parsons,15879,Aerospace & Defense,Centreville,VA,yes
Aaron's,12100,Retailing,Atlanta,GA,yes
Flowserve,17000,Industrials,Irving,TX,yes
Carvana,7324,Retailing,Tempe,AZ,no
ASGN,4300,Business Services,Calabasas,CA,yes
Sally Beauty Holdings,30050,Retailing,Denton,TX,yes
ScanSource,2700,Wholesalers,Greenville,SC,yes
Ventas,516,Financials,Chicago,IL,yes
Country Financial,3839,Financials,Bloomington,IL,yes
TriNet Group,2900,Business Services,Dublin,CA,yes
Spirit Airlines,8938,Transportation,Miramar,FL,yes
Comerica,7708,Financials,Dallas,TX,yes
Lennox International,11200,Industrials,Richardson,TX,yes
Timken,18829,Industrials,North Canton,OH,yes
Paychex,15450,Business Services,Rochester,NY,yes
Amerco,21900,Transportation,Reno,NV,yes
Worthington Industries,12000,Materials,Columbus,OH,yes
Lamb Weston Holdings,7600,"Food, Beverages & Tobacco",Eagle,ID,yes
Laureate Education,41000,Business Services,Baltimore,MD,yes
Penn Mutual Life Insurance,3318,Financials,Horsham,PA,yes
iHeartMedia,11400,Media,San Antonio,TX,no
Brink's,64300,Business Services,Richmond,VA,yes
Sentry Insurance Group,4217,Financials,Stevens Point,WI,yes
Acuity Brands,12000,Industrials,Atlanta,GA,yes
Hub Group,5000,Transportation,Oak Brook,IL,yes
Meritage Homes,1510,Engineering & Construction,Scottsdale,AZ,yes
MRC Global,3345,Energy,Houston,TX,yes
Alliant Energy,3597,Energy,Madison,WI,yes
Workday,12200,Technology,Pleasanton,CA,no
BMC Stock Holdings,10200,Wholesalers,Raleigh,NC,yes
Abercrombie & Fitch,26000,Retailing,New Albany,OH,yes
Domino's Pizza,13100,"Hotels, Restaurants & Leisure",Ann Arbor,MI,yes
Lyft,5683,Technology,San Francisco,CA,no
Meredith,5615,Media,Des Moines,IA,yes
American Water Works,6800,Energy,Camden,NJ,yes
Albemarle,6000,Chemicals,Charlotte,NC,yes
Ciena,6383,Technology,Hanover,MD,yes
Barnes & Noble,15538,Retailing,New York,NY,yes
Weis Markets,23000,Food & Drug Stores,Sunbury,PA,yes
Illumina,7700,Technology,San Diego,CA,yes
SVB Financial Group,3564,Financials,Santa Clara,CA,yes
Carter's,20300,Apparel,Atlanta,GA,yes
Stifel Financial,8205,Financials,St. Louis,MO,yes
Mednax,9480,Health Care,Sunrise,FL,no
Equifax,11200,Business Services,Atlanta,GA,no
Kar Auction Services,13311,Wholesalers,Carmel,IN,yes
Ashland Global Holdings,4700,Chemicals,Covington,KY,yes
Medical Mutual of Ohio,2801,Financials,Cleveland,OH,yes
Sprague Resources,770,Energy,Portsmouth,NH,yes
Super Micro Computer,3670,Technology,San Jose,CA,yes
Designer Brands,16100,Retailing,Columbus,OH,yes
Pitney Bowes,11000,Technology,Stamford,CT,yes
Applied Industrial Technologies,6650,Wholesalers,Cleveland,OH,yes
Pinnacle West Capital,6210,Energy,Phoenix,AZ,yes
American Equity Investment Life Holding,608,Financials,West Des Moines,IA,yes
ServiceNow,10371,Technology,Santa Clara,CA,yes
Twitter,4900,Technology,San Francisco,CA,yes
Calumet Specialty Products Partners,1500,Energy,Indianapolis,IN,no
Steelcase,12700,Household Products,Grand Rapids,MI,yes
Sanderson Farms,17055,"Food, Beverages & Tobacco",Laurel,MS,yes
WABCO Holdings,13911,Motor Vehicles & Parts,Auburn Hills,MI,yes
Clean Harbors,14400,Business Services,Norwell,MA,yes
Puget Energy,3130,Energy,Bellevue,WA,yes
Scientific Games,9800,"Hotels, Restaurants & Leisure",Las Vegas,NV,no
Granite Construction,4200,Engineering & Construction,Watsonville,CA,no
Carlyle Group,1775,Financials,Washington,DC,yes
Skyworks Solutions,9000,Technology,Irvine,CA,yes
Aleris,5600,Materials,Cleveland,OH,no
Triple-S Management,3992,Health Care,San Juan,PR,yes
Hexion,4000,Chemicals,Columbus,OH,no
Hologic,6478,Health Care,Marlborough,MA,no
Triumph Group,10776,Aerospace & Defense,Berwyn,PA,no
Darling Ingredients,10100,"Food, Beverages & Tobacco",Irving,TX,yes
MSC Industrial Direct,6700,Wholesalers,Melville,NY,yes
Red Hat,13360,Technology,Raleigh,NC,yes
Synopsys,13896,Technology,Mountain View,CA,yes
PolyOne,5600,Chemicals,Avon Lake,OH,yes
Dycom Industries,15230,Engineering & Construction,Palm Beach Gardens,FL,yes
Cabot,4500,Chemicals,Boston,MA,yes
Prologis,1712,Financials,San Francisco,CA,yes
Boyd Gaming,24300,"Hotels, Restaurants & Leisure",Las Vegas,NV,yes
LSC Communications,20000,Media,Chicago,IL,no
Brown-Forman,4700,"Food, Beverages & Tobacco",Louisville,KY,yes
Stericycle,19500,Business Services,Bannockburn,IL,no
CIT Group,3609,Financials,New York,NY,yes
MDC Holdings,1656,Engineering & Construction,Denver,CO,yes
Hyster-Yale Materials Handling,7900,Industrials,Cleveland,OH,yes
Crane,13000,Industrials,Stamford,CT,yes
Cinemark Holdings,22603,Media,Plano,TX,yes
Autodesk,10100,Technology,San Rafael,CA,yes
Trimble,11484,Technology,Sunnyvale,CA,yes
Garrett Motion,7400,Motor Vehicles & Parts,Plymouth,MI,yes
Zions Bancorp.,10188,Financials,Salt Lake City,UT,yes
Regal Beloit,19560,Industrials,Beloit,WI,yes
Service Corp. International,20457,Business Services,Houston,TX,yes
Varian Medical Systems,10062,Health Care,Palo Alto,CA,yes
PriceSmart,9000,Retailing,San Diego,CA,yes
Brinker International,56147,"Hotels, Restaurants & Leisure",Dallas,TX,yes
Digital Realty Trust,1550,Financials,San Francisco,CA,yes
Pool,4500,Wholesalers,Covington,LA,yes
Crestwood Equity Partners,894,Energy,Houston,TX,yes
Infor,17380,Technology,New York,NY,yes
Plexus,19000,Technology,Neenah,WI,yes
Teledyne Technologies,11790,Aerospace & Defense,Thousand Oaks,CA,yes
G-III Apparel Group,6050,Apparel,New York,NY,yes
Scotts Miracle-Gro,5850,Chemicals,Marysville,OH,yes
Apollo Global Management,1421,Financials,New York,NY,yes
E*Trade Financial,4122,Financials,Arlington,VA,yes
Toro,9329,Industrials,Bloomington,MN,yes
Southwest Gas Holdings,8944,Energy,Las Vegas,NV,yes
GMS,5858,Wholesalers,Tucker,GA,yes
Cooper-Standard Holdings,28000,Motor Vehicles & Parts,Novi,MI,yes
Acadia Healthcare,35600,Health Care,Franklin,TN,yes
Tetra Tech,20000,Engineering & Construction,Pasadena,CA,yes
Primoris Services,9700,Engineering & Construction,Dallas,TX,yes
Tempur Sealy International,7400,Household Products,Lexington,KY,yes
H&R Block,44600,Financials,Kansas City,MO,yes
Qorvo,8100,Technology,Greensboro,NC,yes
TRI Pointe Group,1386,Engineering & Construction,Irvine,CA,yes
Cracker Barrel Old Country Store,73000,"Hotels, Restaurants & Leisure",Lebanon,TN,yes
Elanco Animal Health,6080,Health Care,Greenfield,IN,yes
PRA Health Sciences,17500,Technology,Raleigh,NC,yes
First Solar,6600,Energy,Tempe,AZ,no
AMC Networks,2588,Media,New York,NY,yes
Xilinx,4433,Technology,San Jose,CA,yes
Green Plains,820,Energy,Omaha,NE,no
Columbia Sportswear,8900,Apparel,Portland,OR,yes
Nexstar Media Group,14891,Media,Irving,TX,yes
Southwestern Energy,923,Energy,Spring,TX,yes
Greenbrier,17100,Transportation,Lake Oswego,OR,yes
Presidio,2900,Technology,New York,NY,yes
Citrix Systems,8400,Technology,Fort Lauderdale,FL,yes
Mettler-Toledo International,15525,Technology,Columbus,OH,yes
Trinity Industries,11875,Transportation,Dallas,TX,yes
Mutual of America Life Insurance,1202,Financials,New York,NY,no
Lincoln Electric Holdings,11000,Industrials,Cleveland,OH,yes
Tailored Brands,16500,Retailing,Houston,TX,no
A.O. Smith,15100,Industrials,Milwaukee,WI,yes
ArcBest,13000,Transportation,Fort Smith,AR,yes
GoDaddy,7024,Technology,Scottsdale,AZ,yes
SkyWest,13700,Transportation,St. George,UT,yes
Boston Properties,760,Financials,Boston,MA,yes
Enable Midstream Partners,1735,Energy,Oklahoma City,OK,yes
Middleby,9778,Industrials,Elgin,IL,yes
NOW,4300,Energy,Houston,TX,no
Unisys,20800,Technology,Blue Bell,PA,no
Visteon,11000,Motor Vehicles & Parts,Van Buren Township,MI,yes
Graham Holdings,15902,Business Services,Arlington,VA,yes
Resolute Forest Products,6700,Materials,Calhoun,TN,no
Caleres,11400,Retailing,St. Louis,MO,yes
AGNC Investment,51,Financials,Bethesda,MD,yes
Hill-Rom Holdings,10000,Health Care,Chicago,IL,yes
Moog,12809,Aerospace & Defense,East Aurora,NY,yes
Legg Mason,3246,Financials,Baltimore,MD,no
Atmos Energy,4776,Energy,Dallas,TX,yes
Woodward,9023,Aerospace & Defense,Fort Collins,CO,yes
Palo Alto Networks,7014,Technology,Santa Clara,CA,no
H.B. Fuller,6369,Chemicals,St. Paul,MN,yes
Akamai Technologies,7724,Technology,Cambridge,MA,yes
Avaya Holdings,7900,Technology,Santa Clara,CA,no
Maximus,29600,Technology,Reston,VA,yes
PerkinElmer,13000,Technology,Waltham,MA,yes
Hawaiian Electric Industries,3841,Energy,Honolulu,HI,yes
Kansas City Southern,7040,Transportation,Kansas City,MO,yes
AptarGroup,14000,Materials,Crystal Lake,IL,yes
Public Storage,5900,Financials,Glendale,CA,yes
Selective Insurance Group,2400,Financials,Branchville,NJ,yes
ITT,10500,Industrials,White Plains,NY,yes
Donaldson,14100,Industrials,Minneapolis,MN,yes
Park Hotels & Resorts,488,Financials,Tysons,VA,yes
Kirby,5550,Transportation,Houston,TX,yes
Hawaiian Holdings,7437,Transportation,Honolulu,HI,yes
Popular,8560,Financials,Hato Rey,PR,yes
Range Resources,655,Energy,Fort Worth,TX,no
PC Connection,2609,Wholesalers,Merrimack,NH,yes
Amica Mutual Insurance,3983,Financials,Lincoln,RI,yes
EnerSys,11000,Industrials,Reading,PA,yes
Helmerich & Payne,8502,Energy,Tulsa,OK,no
NLV Financial,1278,Financials,Montpelier,VT,yes
Valmont Industries,9862,Materials,Omaha,NE,yes
PAE,20000,Aerospace & Defense,Falls Church,VA,no
Texas Roadhouse,35554,"Hotels, Restaurants & Leisure",Louisville,KY,yes
Cooper Tire & Rubber,8720,Motor Vehicles & Parts,Findlay,OH,yes
Euronet Worldwide,7700,Business Services,Leawood,KS,yes
Zillow Group,5249,Technology,Seattle,WA,no
Atlas Air Worldwide Holdings,3587,Transportation,Purchase,NY,no
Energizer Holdings,7500,Household Products,St. Louis,MO,yes
Magellan Midstream Partners,1884,Energy,Tulsa,OK,yes
Hain Celestial Group,5441,"Food, Beverages & Tobacco",Lake Success,NY,no
Univision Communications,4500,Media,New York,NY,yes
Equity Residential,2700,Financials,Chicago,IL,yes
Allison Transmission Holdings,3700,Motor Vehicles & Parts,Indianapolis,IN,yes
Colony Capital,400,Financials,Los Angeles,CA,no
TTM Technologies,25700,Technology,Santa Ana,CA,yes
Clear Channel Outdoor Holdings,5900,Business Services,San Antonio,TX,no
Guess,15800,Retailing,Los Angeles,CA,yes
Rent-A-Center,14500,Retailing,Plano,TX,yes
Take-Two Interactive Software,4894,Media,New York,NY,yes
Vishay Intertechnology,22400,Technology,Malvern,PA,yes
TransUnion,8000,Business Services,Chicago,IL,yes
Cooper,12000,Health Care,San Ramon,CA,yes
FleetCor Technologies,8700,Business Services,Atlanta,GA,yes
RH,4750,Retailing,Corte Madera,CA,yes
Renewable Energy Group,829,Energy,Ames,IA,yes
BlueLinx Holdings,2189,Wholesalers,Marietta,GA,no
California Resources,1250,Energy,Santa Clarita,CA,no
TopBuild,10400,Engineering & Construction,Daytona Beach,FL,yes
Charles River Laboratories International,17100,Health Care,Wilmington,MA,yes
Comfort Systems USA,12000,Engineering & Construction,Houston,TX,yes
Verisk Analytics,9180,Business Services,Jersey City,NJ,yes
ResMed,7240,Health Care,San Diego,CA,yes
Teleflex,14400,Health Care,Wayne,PA,yes
New Jersey Resources,1108,Energy,Wall,NJ,yes
New Residential Investment,3387,Financials,New York,NY,yes
Interactive Brokers Group,1643,Financials,Greenwich,CT,yes
Zayo Group Holdings,3781,Telecommunications,Boulder,CO,yes
Herman Miller,8000,Household Products,Zeeland,MI,yes
Grocery Outlet Holding,765,Food & Drug Stores,Emeryville,CA,yes
J.Crew Group,9400,Retailing,New York,NY,no
Century Communities,1460,Engineering & Construction,Greenwood Village,CO,yes
Caesars Entertainment,15500,"Hotels, Restaurants & Leisure",Reno,NV,yes
Catalent,12300,Health Care,Somerset,NJ,yes
Itron,7300,Industrials,Liberty Lake,WA,yes
M/I Homes,1401,Engineering & Construction,Columbus,OH,yes
Cboe Global Markets,823,Financials,Chicago,IL,yes
IDEX,7439,Industrials,Lake Forest,IL,yes
Belden,7000,Industrials,St. Louis,MO,no
Curtiss-Wright,9100,Industrials,Davidson,NC,yes
Cheesecake Factory,46250,"Hotels, Restaurants & Leisure",Calabasas Hills,CA,yes
Genesis Energy,2177,Energy,Houston,TX,yes
GEO Group,22000,Business Services,Boca Raton,FL,yes
Patterson-UTI Energy,5800,Energy,Houston,TX,no
Werner Enterprises,12736,Transportation,Omaha,NE,yes
Ingersoll Rand,6600,Industrials,Davidson,NC,yes
Verso,3700,Materials,Miamisburg,OH,yes
Mueller Industries,4964,Industrials,Collierville,TN,yes
Nu Skin Enterprises,24900,Household Products,Provo,UT,yes
Revlon,7100,Household Products,New York,NY,no
Arista Networks,2300,Technology,Santa Clara,CA,yes
IDEXX Laboratories,9200,Health Care,Westbrook,ME,yes
Align Technology,14530,Health Care,San Jose,CA,yes
Waters,7467,Technology,Milford,MA,yes
Synovus Financial,5389,Financials,Columbus,GA,yes
BrightView Holdings,21978,Business Services,Blue Bell,PA,yes
REV Group,8040,Motor Vehicles & Parts,Milwaukee,WI,no
Brown & Brown,10083,Financials,Daytona Beach,FL,yes
Valvoline,7900,Chemicals,Lexington,KY,yes
Knights of Columbus,772,Financials,New Haven,CT,yes
Central Garden & Pet,5550,Household Products,Walnut Creek,CA,yes
Carpenter Technology,5100,Materials,Philadelphia,PA,yes
SLM,1900,Financials,Newark,DE,yes
Kennametal,10395,Industrials,Pittsburgh,PA,yes
LCI Industries,10500,Motor Vehicles & Parts,Elkhart,IN,yes
TrueBlue,6200,Business Services,Tacoma,WA,yes
Cimarex Energy,987,Energy,Denver,CO,no
Splunk,5800,Technology,San Francisco,CA,no
SiteOne Landscape Supply,4416,Wholesalers,Roswell,GA,yes
Hexcel,6977,Aerospace & Defense,Stamford,CT,yes
FTI Consulting,5567,Business Services,Washington,DC,yes
Party City Holdco,14350,Retailing,Elmsford,NY,no
Ohio National Mutual,1109,Financials,Cincinnati,OH,no
Patrick Industries,7500,Materials,Elkhart,IN,yes
Cadence Design Systems,8078,Technology,San Jose,CA,yes
CDK Global,9000,Technology,Hoffman Estates,IL,yes
AvalonBay Communities,3122,Financials,Arlington,VA,yes
Wabash National,6900,Motor Vehicles & Parts,Lafayette,IN,yes
Service Properties Trust,600,Financials,Newton,MA,yes
Maxim Integrated Products,7131,Technology,San Jose,CA,yes
People's United Financial,6305,Financials,Bridgeport,CT,yes
Bio-Rad Laboratories,8120,Technology,Hercules,CA,yes
Option Care Health,5492,Health Care,Bannockburn,IL,no
Louisiana-Pacific,4800,Materials,Nashville,TN,no
TEGNA,6883,Media,Tysons,VA,yes
Teradyne,5400,Technology,North Reading,MA,yes
Arch Resources,3700,Energy,St. Louis,MO,yes
EPAM Systems,36739,Technology,Newtown,PA,yes
WPX Energy,590,Energy,Tulsa,OK,yes
Alpha Metallurgical Resources,4360,Energy,Bristol,TN,no
Ensign Group,24500,Health Care,San Juan Capistrano,CA,yes
First Horizon National,4994,Financials,Memphis,TN,yes
Wolverine World Wide,4000,Apparel,Rockford,MI,yes
Vail Resorts,23000,"Hotels, Restaurants & Leisure",Broomfield,CO,yes
Benchmark Electronics,10600,Technology,Tempe,AZ,yes
HNI,8450,Household Products,Muscatine,IA,yes
F5 Networks,5325,Technology,Seattle,WA,yes
Affiliated Managers Group,4000,Financials,West Palm Beach,FL,yes
OGE Energy,2425,Energy,Oklahoma City,OK,yes
Universal,28000,"Food, Beverages & Tobacco",Richmond,VA,yes
BOK Financial,5107,Financials,Tulsa,OK,yes
ManTech International,8900,Technology,Herndon,VA,yes
Summit Materials,6000,Materials,Denver,CO,yes
AMN Healthcare Services,3236,Health Care,Dallas,TX,yes
Groupon,6345,Technology,Chicago,IL,no
Newmark Group,5600,Financials,New York,NY,yes
Fossil Group,10200,Apparel,Richardson,TX,no
Modine Manufacturing,12200,Motor Vehicles & Parts,Racine,WI,yes
Griffon,7300,Materials,New York,NY,yes
Cypress Semiconductor,5871,Technology,San Jose,CA,yes
Generac Holdings,5551,Industrials,Waukesha,WI,yes
Matson,1988,Transportation,Honolulu,HI,yes
Genesco,13850,Retailing,Nashville,TN,yes
Nordson,7579,Industrials,Westlake,OH,yes
NewMarket,2118,Chemicals,Richmond,VA,yes
Echo Global Logistics,2539,Transportation,Chicago,IL,yes
Rexnord,6700,Industrials,Milwaukee,WI,yes
Incyte,1456,Health Care,Wilmington,DE,yes
Fortinet,7082,Technology,Sunnyvale,CA,yes
Foundation Building Materials,3500,Wholesalers,Santa Ana,CA,yes
AAR,5650,Aerospace & Defense,Wood Dale,IL,yes
Centric Brands,3250,Apparel,New York,NY,no
Edgewell Personal Care,6000,Household Products,Shelton,CT,no
Federated Mutual Insurance,2638,Financials,Owatonna,MN,yes
Schnitzer Steel Industries,3363,Materials,Portland,OR,yes
Portland General Electric,2949,Energy,Portland,OR,yes
Gray Television,7465,Media,Atlanta,GA,yes
BGC Partners,5200,Financials,New York,NY,yes
EchoStar,2300,Technology,Englewood,CO,no
Beazer Homes USA,1205,Engineering & Construction,Atlanta,GA,no
LHC Group,22785,Health Care,Lafayette,LA,yes
ServiceMaster Global Holdings,12000,Business Services,Memphis,TN,yes
Bruker,7230,Technology,Billerica,MA,yes
Oasis Petroleum,609,Energy,Houston,TX,no
CrossAmerica Partners,548,Energy,Allentown,PA,yes
MYR Group,7100,Engineering & Construction,Rolling Meadows,IL,yes
Viasat,5600,Technology,Carlsbad,CA,no
GNC Holdings,8400,Food & Drug Stores,Pittsburgh,PA,no
Cabot Oil & Gas,547,Energy,Houston,TX,yes
Bright Horizons Family Solutions,33800,Business Services,Watertown,MA,yes
Vista Outdoor,5200,Household Products,Anoka,MN,no
HEICO,5900,Aerospace & Defense,Hollywood,FL,yes
Wyndham Hotels & Resorts,14200,"Hotels, Restaurants & Leisure",Parsippany,NJ,yes
TCF Financial,7732,Financials,Detroit,MI,yes
Primerica,2502,Financials,Duluth,GA,yes
ProPetro Holding,1579,Energy,Midland,TX,yes
Oceaneering International,9100,Energy,Houston,TX,no
Floor & Decor Holdings,6336,Retailing,Atlanta,GA,yes
Copart,7327,Retailing,Dallas,TX,yes
Chico's FAS,10944,Retailing,Fort Myers,FL,no
Barnes & Noble Education,12400,Retailing,Basking Ridge,NJ,no
Maxar Technologies,5800,Aerospace & Defense,Westminster,CO,yes
Evercore,1900,Financials,New York,NY,yes
Deckers Outdoor,3500,Apparel,Goleta,CA,yes
Express,9160,Retailing,Columbus,OH,no
Hovnanian Enterprises,1868,Engineering & Construction,Matawan,NJ,no
Air Lease,117,Business Services,Los Angeles,CA,yes
Rollins,14952,Business Services,Atlanta,GA,yes
SBA Communications,1475,Financials,Boca Raton,FL,yes
Deluxe,6352,Media,Shoreview,MN,no
Mr. Cooper Group,9100,Financials,Coppell,TX,yes
Herc Holdings,5100,Business Services,Bonita Springs,FL,yes
Healthpeak Properties,204,Financials,Irvine,CA,yes
SPX FLOW,5000,Industrials,Charlotte,NC,no
Liberty Oilfield Services,2571,Energy,Denver,CO,yes
